남성,25,3,4,3,1,3,4,4,5,5,2,3,1,3,3,1315,0,8,37.291596,126.977033,본찌,1
남성,25,4,3,3,3,3,4,3,4,4,4,4,3,3,3,1315,0,8,37.291596,126.977033,본찌,1
여성,23,5,4,5,5,3,3,4,5,5,3,5,4,2,2,1315,0,8,37.291596,126.977033,본찌,0
남성,22,4,3,4,3,4,4,4,5,5,4,5,2,2,2,1315,0,8,37.291596,126.977033,본찌,1
남성,24,5,4,4,4,4,2,5,3,3,3,3,1,4,3,1315,0,8,37.291596,126.977033,본찌,0
남성,28,4,3,3,4,4,4,3,3,3,4,3,3,3,4,1315,0,8,37.291596,126.977033,본찌,1
남성,23,3,3,3,3,4,3,3,4,3,4,4,3,2,1,1315,0,8,37.291596,126.977033,본찌,1
남성,21,4,4,4,4,4,4,3,4,4,4,4,4,3,4,1315,0,8,37.291596,126.977033,본찌,0
여성,21,5,4,4,4,3,4,4,5,2,5,5,5,5,4,1315,0,8,37.291596,126.977033,본찌,0
여성,21,4,4,3,4,4,4,5,4,3,3,4,3,4,4,1315,0,8,37.291596,126.977033,본찌,1
남성,23,5,4,3,5,4,3,4,4,3,4,3,4,2,4,1315,0,8,37.291596,126.977033,본찌,0
남성,22,5,3,4,5,4,3,3,5,3,3,4,3,2,3,1315,0,8,37.291596,126.977033,본찌,0
여성,27,4,3,5,4,4,3,3,5,4,4,4,5,3,3,1315,0,8,37.291596,126.977033,본찌,1
여성,24,4,4,5,3,5,4,5,4,5,4,5,2,2,2,1315,0,8,37.291596,126.977033,본찌,1
남성,21,4,4,5,3,4,5,4,5,4,3,4,5,3,2,1315,0,8,37.291596,126.977033,본찌,0
여성,23,5,5,4,5,5,5,5,5,5,3,5,5,4,4,1315,0,8,37.291596,126.977033,본찌,0
남성,20,4,3,4,3,4,4,3,5,5,4,3,4,3,4,1315,0,8,37.291596,126.977033,본찌,1
여성,20,5,4,4,3,5,3,5,2,5,5,4,5,3,4,1315,0,8,37.291596,126.977033,본찌,0
남성,17,4,3,5,5,3,4,4,5,5,4,3,4,2,2,1315,0,8,37.291596,126.977033,본찌,1
남성,25,4,4,4,3,5,3,2,5,5,3,5,1,4,2,1315,0,8,37.291596,126.977033,본찌,1
남성,23,5,4,5,3,4,3,4,4,4,3,4,5,4,4,1315,0,8,37.291596,126.977033,본찌,0
남성,25,5,4,4,5,4,2,4,4,3,2,4,2,3,4,1315,0,8,37.291596,126.977033,본찌,1
남성,24,3,4,5,4,4,3,4,5,4,3,4,5,3,3,1315,0,8,37.291596,126.977033,본찌,1
남성,25,3,4,3,1,3,4,4,5,5,2,3,1,3,3,1930,0,2,37.296493,126.972097,유가네,1
남성,25,4,3,3,3,3,4,3,4,4,4,4,3,3,3,1930,0,2,37.296493,126.972097,유가네,1
여성,23,5,4,5,5,3,3,4,5,5,3,5,4,2,2,1930,0,2,37.296493,126.972097,유가네,1
남성,22,4,3,4,3,4,4,4,5,5,4,5,2,2,2,1930,0,2,37.296493,126.972097,유가네,0
남성,24,5,4,4,4,4,2,5,3,3,3,3,1,4,3,1930,0,2,37.296493,126.972097,유가네,1
남성,28,4,3,3,4,4,4,3,3,3,4,3,3,3,4,1930,0,2,37.296493,126.972097,유가네,1
남성,23,3,3,3,3,4,3,3,4,3,4,4,3,2,1,1930,0,2,37.296493,126.972097,유가네,0
남성,21,4,4,4,4,4,4,3,4,4,4,4,4,3,4,1930,0,2,37.296493,126.972097,유가네,1
여성,21,5,4,4,4,3,4,4,5,2,5,5,5,5,4,1930,0,2,37.296493,126.972097,유가네,1
여성,21,4,4,3,4,4,4,5,4,3,3,4,3,4,4,1930,0,2,37.296493,126.972097,유가네,0
남성,23,5,4,3,5,4,3,4,4,3,4,3,4,2,4,1930,0,2,37.296493,126.972097,유가네,0
남성,22,5,3,4,5,4,3,3,5,3,3,4,3,2,3,1930,0,2,37.296493,126.972097,유가네,1
여성,27,4,3,5,4,4,3,3,5,4,4,4,5,3,3,1930,0,2,37.296493,126.972097,유가네,0
여성,24,4,4,5,3,5,4,5,4,5,4,5,2,2,2,1930,0,2,37.296493,126.972097,유가네,0
남성,21,4,4,5,3,4,5,4,5,4,3,4,5,3,2,1930,0,2,37.296493,126.972097,유가네,1
여성,23,5,5,4,5,5,5,5,5,5,3,5,5,4,4,1930,0,2,37.296493,126.972097,유가네,1
남성,20,4,3,4,3,4,4,3,5,5,4,3,4,3,4,1930,0,2,37.296493,126.972097,유가네,1
여성,20,5,4,4,3,5,3,5,2,5,5,4,5,3,4,1930,0,2,37.296493,126.972097,유가네,1
남성,17,4,3,5,5,3,4,4,5,5,4,3,4,2,2,1930,0,2,37.296493,126.972097,유가네,1
남성,25,4,4,4,3,5,3,2,5,5,3,5,1,4,2,1930,0,2,37.296493,126.972097,유가네,1
남성,23,5,4,5,3,4,3,4,4,4,3,4,5,4,4,1930,0,2,37.296493,126.972097,유가네,1
남성,25,5,4,4,5,4,2,4,4,3,2,4,2,3,4,1930,0,2,37.296493,126.972097,유가네,0
남성,24,3,4,5,4,4,3,4,5,4,3,4,5,3,3,1930,0,2,37.296493,126.972097,유가네,0
남성,25,3,4,3,1,3,4,4,5,5,2,3,1,3,3,1130,1,15,37.295929,126.974172,노랑통닭,1
남성,25,4,3,3,3,3,4,3,4,4,4,4,3,3,3,1130,1,15,37.295929,126.974172,노랑통닭,1
여성,23,5,4,5,5,3,3,4,5,5,3,5,4,2,2,1130,1,15,37.295929,126.974172,노랑통닭,0
남성,22,4,3,4,3,4,4,4,5,5,4,5,2,2,2,1130,1,15,37.295929,126.974172,노랑통닭,1
남성,24,5,4,4,4,4,2,5,3,3,3,3,1,4,3,1130,1,15,37.295929,126.974172,노랑통닭,0
남성,28,4,3,3,4,4,4,3,3,3,4,3,3,3,4,1130,1,15,37.295929,126.974172,노랑통닭,0
남성,23,3,3,3,3,4,3,3,4,3,4,4,3,2,1,1130,1,15,37.295929,126.974172,노랑통닭,0
남성,21,4,4,4,4,4,4,3,4,4,4,4,4,3,4,1130,1,15,37.295929,126.974172,노랑통닭,0
여성,21,5,4,4,4,3,4,4,5,2,5,5,5,5,4,1130,1,15,37.295929,126.974172,노랑통닭,1
여성,21,4,4,3,4,4,4,5,4,3,3,4,3,4,4,1130,1,15,37.295929,126.974172,노랑통닭,1
남성,23,5,4,3,5,4,3,4,4,3,4,3,4,2,4,1130,1,15,37.295929,126.974172,노랑통닭,0
남성,22,5,3,4,5,4,3,3,5,3,3,4,3,2,3,1130,1,15,37.295929,126.974172,노랑통닭,0
여성,27,4,3,5,4,4,3,3,5,4,4,4,5,3,3,1130,1,15,37.295929,126.974172,노랑통닭,0
여성,24,4,4,5,3,5,4,5,4,5,4,5,2,2,2,1130,1,15,37.295929,126.974172,노랑통닭,1
남성,21,4,4,5,3,4,5,4,5,4,3,4,5,3,2,1130,1,15,37.295929,126.974172,노랑통닭,0
여성,23,5,5,4,5,5,5,5,5,5,3,5,5,4,4,1130,1,15,37.295929,126.974172,노랑통닭,1
남성,20,4,3,4,3,4,4,3,5,5,4,3,4,3,4,1130,1,15,37.295929,126.974172,노랑통닭,1
여성,20,5,4,4,3,5,3,5,2,5,5,4,5,3,4,1130,1,15,37.295929,126.974172,노랑통닭,0
남성,17,4,3,5,5,3,4,4,5,5,4,3,4,2,2,1130,1,15,37.295929,126.974172,노랑통닭,0
남성,25,4,4,4,3,5,3,2,5,5,3,5,1,4,2,1130,1,15,37.295929,126.974172,노랑통닭,1
남성,23,5,4,5,3,4,3,4,4,4,3,4,5,4,4,1130,1,15,37.295929,126.974172,노랑통닭,0
남성,25,5,4,4,5,4,2,4,4,3,2,4,2,3,4,1130,1,15,37.295929,126.974172,노랑통닭,0
남성,24,3,4,5,4,4,3,4,5,4,3,4,5,3,3,1130,1,15,37.295929,126.974172,노랑통닭,0
남성,25,3,4,3,1,3,4,4,5,5,2,3,1,3,3,1215,2,10,37.2963083,126.9765241,예국향,1
남성,25,4,3,3,3,3,4,3,4,4,4,4,3,3,3,1215,2,10,37.2963083,126.9765241,예국향,1
여성,23,5,4,5,5,3,3,4,5,5,3,5,4,2,2,1215,2,10,37.2963083,126.9765241,예국향,0
남성,22,4,3,4,3,4,4,4,5,5,4,5,2,2,2,1215,2,10,37.2963083,126.9765241,예국향,1
남성,24,5,4,4,4,4,2,5,3,3,3,3,1,4,3,1215,2,10,37.2963083,126.9765241,예국향,1
남성,28,4,3,3,4,4,4,3,3,3,4,3,3,3,4,1215,2,10,37.2963083,126.9765241,예국향,1
남성,23,3,3,3,3,4,3,3,4,3,4,4,3,2,1,1215,2,10,37.2963083,126.9765241,예국향,1
남성,21,4,4,4,4,4,4,3,4,4,4,4,4,3,4,1215,2,10,37.2963083,126.9765241,예국향,1
여성,21,5,4,4,4,3,4,4,5,2,5,5,5,5,4,1215,2,10,37.2963083,126.9765241,예국향,1
여성,21,4,4,3,4,4,4,5,4,3,3,4,3,4,4,1215,2,10,37.2963083,126.9765241,예국향,0
남성,23,5,4,3,5,4,3,4,4,3,4,3,4,2,4,1215,2,10,37.2963083,126.9765241,예국향,1
남성,22,5,3,4,5,4,3,3,5,3,3,4,3,2,3,1215,2,10,37.2963083,126.9765241,예국향,1
여성,27,4,3,5,4,4,3,3,5,4,4,4,5,3,3,1215,2,10,37.2963083,126.9765241,예국향,1
여성,24,4,4,5,3,5,4,5,4,5,4,5,2,2,2,1215,2,10,37.2963083,126.9765241,예국향,0
남성,21,4,4,5,3,4,5,4,5,4,3,4,5,3,2,1215,2,10,37.2963083,126.9765241,예국향,1
여성,23,5,5,4,5,5,5,5,5,5,3,5,5,4,4,1215,2,10,37.2963083,126.9765241,예국향,1
남성,20,4,3,4,3,4,4,3,5,5,4,3,4,3,4,1215,2,10,37.2963083,126.9765241,예국향,0
여성,20,5,4,4,3,5,3,5,2,5,5,4,5,3,4,1215,2,10,37.2963083,126.9765241,예국향,1
남성,17,4,3,5,5,3,4,4,5,5,4,3,4,2,2,1215,2,10,37.2963083,126.9765241,예국향,1
남성,25,4,4,4,3,5,3,2,5,5,3,5,1,4,2,1215,2,10,37.2963083,126.9765241,예국향,1
남성,23,5,4,5,3,4,3,4,4,4,3,4,5,4,4,1215,2,10,37.2963083,126.9765241,예국향,1
남성,25,5,4,4,5,4,2,4,4,3,2,4,2,3,4,1215,2,10,37.2963083,126.9765241,예국향,1
남성,24,3,4,5,4,4,3,4,5,4,3,4,5,3,3,1215,2,10,37.2963083,126.9765241,예국향,1
남성,25,3,4,3,1,3,4,4,5,5,2,3,1,3,3,2000,3,10,37.296493,126.972097,사랑해횟집,0
남성,25,4,3,3,3,3,4,3,4,4,4,4,3,3,3,2000,3,10,37.296493,126.972097,사랑해횟집,0
여성,23,5,4,5,5,3,3,4,5,5,3,5,4,2,2,2000,3,10,37.296493,126.972097,사랑해횟집,0
남성,22,4,3,4,3,4,4,4,5,5,4,5,2,2,2,2000,3,10,37.296493,126.972097,사랑해횟집,0
남성,24,5,4,4,4,4,2,5,3,3,3,3,1,4,3,2000,3,10,37.296493,126.972097,사랑해횟집,0
남성,28,4,3,3,4,4,4,3,3,3,4,3,3,3,4,2000,3,10,37.296493,126.972097,사랑해횟집,0
남성,23,3,3,3,3,4,3,3,4,3,4,4,3,2,1,2000,3,10,37.296493,126.972097,사랑해횟집,0
남성,21,4,4,4,4,4,4,3,4,4,4,4,4,3,4,2000,3,10,37.296493,126.972097,사랑해횟집,0
여성,21,5,4,4,4,3,4,4,5,2,5,5,5,5,4,2000,3,10,37.296493,126.972097,사랑해횟집,0
여성,21,4,4,3,4,4,4,5,4,3,3,4,3,4,4,2000,3,10,37.296493,126.972097,사랑해횟집,1
남성,23,5,4,3,5,4,3,4,4,3,4,3,4,2,4,2000,3,10,37.296493,126.972097,사랑해횟집,1
남성,22,5,3,4,5,4,3,3,5,3,3,4,3,2,3,2000,3,10,37.296493,126.972097,사랑해횟집,0
여성,27,4,3,5,4,4,3,3,5,4,4,4,5,3,3,2000,3,10,37.296493,126.972097,사랑해횟집,0
여성,24,4,4,5,3,5,4,5,4,5,4,5,2,2,2,2000,3,10,37.296493,126.972097,사랑해횟집,0
남성,21,4,4,5,3,4,5,4,5,4,3,4,5,3,2,2000,3,10,37.296493,126.972097,사랑해횟집,0
여성,23,5,5,4,5,5,5,5,5,5,3,5,5,4,4,2000,3,10,37.296493,126.972097,사랑해횟집,0
남성,20,4,3,4,3,4,4,3,5,5,4,3,4,3,4,2000,3,10,37.296493,126.972097,사랑해횟집,1
여성,20,5,4,4,3,5,3,5,2,5,5,4,5,3,4,2000,3,10,37.296493,126.972097,사랑해횟집,0
남성,17,4,3,5,5,3,4,4,5,5,4,3,4,2,2,2000,3,10,37.296493,126.972097,사랑해횟집,0
남성,25,4,4,4,3,5,3,2,5,5,3,5,1,4,2,2000,3,10,37.296493,126.972097,사랑해횟집,1
남성,23,5,4,5,3,4,3,4,4,4,3,4,5,4,4,2000,3,10,37.296493,126.972097,사랑해횟집,0
남성,25,5,4,4,5,4,2,4,4,3,2,4,2,3,4,2000,3,10,37.296493,126.972097,사랑해횟집,0
남성,24,3,4,5,4,4,3,4,5,4,3,4,5,3,3,2000,3,10,37.296493,126.972097,사랑해횟집,1
남성,25,3,4,3,1,3,4,4,5,5,2,3,1,3,3,1745,0,0,37.295096,126.976894,꾸이꾸이 돼지마을,1
남성,25,4,3,3,3,3,4,3,4,4,4,4,3,3,3,1745,0,0,37.295096,126.976894,꾸이꾸이 돼지마을,1
여성,23,5,4,5,5,3,3,4,5,5,3,5,4,2,2,1745,0,0,37.295096,126.976894,꾸이꾸이 돼지마을,1
남성,22,4,3,4,3,4,4,4,5,5,4,5,2,2,2,1745,0,0,37.295096,126.976894,꾸이꾸이 돼지마을,1
남성,24,5,4,4,4,4,2,5,3,3,3,3,1,4,3,1745,0,0,37.295096,126.976894,꾸이꾸이 돼지마을,0
남성,28,4,3,3,4,4,4,3,3,3,4,3,3,3,4,1745,0,0,37.295096,126.976894,꾸이꾸이 돼지마을,1
남성,23,3,3,3,3,4,3,3,4,3,4,4,3,2,1,1745,0,0,37.295096,126.976894,꾸이꾸이 돼지마을,0
남성,21,4,4,4,4,4,4,3,4,4,4,4,4,3,4,1745,0,0,37.295096,126.976894,꾸이꾸이 돼지마을,1
여성,21,5,4,4,4,3,4,4,5,2,5,5,5,5,4,1745,0,0,37.295096,126.976894,꾸이꾸이 돼지마을,1
여성,21,4,4,3,4,4,4,5,4,3,3,4,3,4,4,1745,0,0,37.295096,126.976894,꾸이꾸이 돼지마을,0
남성,23,5,4,3,5,4,3,4,4,3,4,3,4,2,4,1745,0,0,37.295096,126.976894,꾸이꾸이 돼지마을,1
남성,22,5,3,4,5,4,3,3,5,3,3,4,3,2,3,1745,0,0,37.295096,126.976894,꾸이꾸이 돼지마을,0
여성,27,4,3,5,4,4,3,3,5,4,4,4,5,3,3,1745,0,0,37.295096,126.976894,꾸이꾸이 돼지마을,1
여성,24,4,4,5,3,5,4,5,4,5,4,5,2,2,2,1745,0,0,37.295096,126.976894,꾸이꾸이 돼지마을,1
남성,21,4,4,5,3,4,5,4,5,4,3,4,5,3,2,1745,0,0,37.295096,126.976894,꾸이꾸이 돼지마을,1
여성,23,5,5,4,5,5,5,5,5,5,3,5,5,4,4,1745,0,0,37.295096,126.976894,꾸이꾸이 돼지마을,1
남성,20,4,3,4,3,4,4,3,5,5,4,3,4,3,4,1745,0,0,37.295096,126.976894,꾸이꾸이 돼지마을,1
여성,20,5,4,4,3,5,3,5,2,5,5,4,5,3,4,1745,0,0,37.295096,126.976894,꾸이꾸이 돼지마을,0
남성,17,4,3,5,5,3,4,4,5,5,4,3,4,2,2,1745,0,0,37.295096,126.976894,꾸이꾸이 돼지마을,1
남성,25,4,4,4,3,5,3,2,5,5,3,5,1,4,2,1745,0,0,37.295096,126.976894,꾸이꾸이 돼지마을,1
남성,23,5,4,5,3,4,3,4,4,4,3,4,5,4,4,1745,0,0,37.295096,126.976894,꾸이꾸이 돼지마을,1
남성,25,5,4,4,5,4,2,4,4,3,2,4,2,3,4,1745,0,0,37.295096,126.976894,꾸이꾸이 돼지마을,1
남성,24,3,4,5,4,4,3,4,5,4,3,4,5,3,3,1745,0,0,37.295096,126.976894,꾸이꾸이 돼지마을,0
여성,19,3,5,3,3,3,2,4,3,3,3,3,3,3,3,1145,0,2,37.293765,126.976369,키와마루,1
여성,19,4,4,5,4,4,4,3,4,4,3,5,4,5,3,1145,0,2,37.293765,126.976369,키와마루,1
남자,18,3,4,4,3,3,4,3,3,3,2,3,3,3,3,1145,0,2,37.293765,126.976369,키와마루,0
여성,22,4,3,4,4,3,5,5,5,5,3,3,5,2,4,1145,0,2,37.293765,126.976369,키와마루,1
여성,22,3,5,5,4,3,4,2,3,1,2,4,3,4,3,1145,0,2,37.293765,126.976369,키와마루,0
여성,18,5,5,5,5,5,5,5,5,5,4,5,3,4,4,1145,0,2,37.293765,126.976369,키와마루,0
여성,19,3,5,5,3,4,4,4,5,4,4,4,3,2,2,1145,0,2,37.293765,126.976369,키와마루,0
남자,22,3,4,4,4,3,2,2,3,2,2,3,2,3,3,1145,0,2,37.293765,126.976369,키와마루,1
여성,19,4,5,3,4,4,3,3,4,3,3,3,3,5,2,1145,0,2,37.293765,126.976369,키와마루,1
여성,23,5,5,4,5,4,3,3,4,3,4,5,2,5,4,1145,0,2,37.293765,126.976369,키와마루,0
여성,22,4,5,4,4,2,3,3,5,4,2,3,4,4,3,1145,0,2,37.293765,126.976369,키와마루,0
남자,18,5,5,5,5,5,5,5,5,5,5,5,5,5,5,1145,0,2,37.293765,126.976369,키와마루,1
남자,27,3,5,4,4,4,3,3,3,3,3,4,4,4,3,1145,0,2,37.293765,126.976369,키와마루,1
남자,24,3,4,4,3,3,4,2,4,4,3,3,3,3,3,1145,0,2,37.293765,126.976369,키와마루,1
여성,25,4,4,3,2,5,4,4,4,4,3,3,1,4,4,1145,0,2,37.293765,126.976369,키와마루,0
남자,24,3,5,4,4,4,4,4,4,4,4,5,3,4,4,1145,0,2,37.293765,126.976369,키와마루,1
남자,22,4,5,4,4,4,3,2,4,2,2,3,3,2,2,1145,0,2,37.293765,126.976369,키와마루,0
여성,19,4,4,5,3,4,4,3,5,5,4,3,2,2,4,1145,0,2,37.293765,126.976369,키와마루,1
여성,19,5,5,5,5,4,4,3,3,4,2,3,3,4,2,1145,0,2,37.293765,126.976369,키와마루,0
여성,25,3,3,4,4,3,3,3,3,3,3,3,3,4,4,1145,0,2,37.293765,126.976369,키와마루,0
남자,25,3,4,4,3,3,2,2,4,3,2,2,1,4,3,1145,0,2,37.293765,126.976369,키와마루,1
남자,24,3,5,5,3,4,1,1,5,2,3,3,1,5,4,1145,0,2,37.293765,126.976369,키와마루,1
여성,24,3,4,5,4,3,3,3,4,4,3,3,2,3,4,1145,0,2,37.293765,126.976369,키와마루,0
남자,24,5,5,5,5,5,5,4,4,5,4,5,5,5,5,1145,0,2,37.293765,126.976369,키와마루,1
남자,24,3,5,5,4,5,3,3,4,4,5,5,4,4,5,1145,0,2,37.293765,126.976369,키와마루,0
남자,23,3,5,4,3,3,3,3,4,1,3,3,1,2,2,1145,0,2,37.293765,126.976369,키와마루,0
남자,24,4,4,4,4,4,3,4,3,3,3,3,2,3,4,1145,0,2,37.293765,126.976369,키와마루,0
여성,19,3,5,3,3,3,2,4,3,3,3,3,3,3,3,1315,1,22,37.295937,126.974179,꾸이꾸이,1
여성,19,4,4,5,4,4,4,3,4,4,3,5,4,5,3,1315,1,22,37.295937,126.974179,꾸이꾸이,1
남자,18,3,4,4,3,3,4,3,3,3,2,3,3,3,3,1315,1,22,37.295937,126.974179,꾸이꾸이,0
여성,22,4,3,4,4,3,5,5,5,5,3,3,5,2,4,1315,1,22,37.295937,126.974179,꾸이꾸이,1
여성,22,3,5,5,4,3,4,2,3,1,2,4,3,4,3,1315,1,22,37.295937,126.974179,꾸이꾸이,0
여성,18,5,5,5,5,5,5,5,5,5,4,5,3,4,4,1315,1,22,37.295937,126.974179,꾸이꾸이,0
여성,19,3,5,5,3,4,4,4,5,4,4,4,3,2,2,1315,1,22,37.295937,126.974179,꾸이꾸이,0
남자,22,3,4,4,4,3,2,2,3,2,2,3,2,3,3,1315,1,22,37.295937,126.974179,꾸이꾸이,1
여성,19,4,5,3,4,4,3,3,4,3,3,3,3,5,2,1315,1,22,37.295937,126.974179,꾸이꾸이,1
여성,23,5,5,4,5,4,3,3,4,3,4,5,2,5,4,1315,1,22,37.295937,126.974179,꾸이꾸이,0
여성,22,4,5,4,4,2,3,3,5,4,2,3,4,4,3,1315,1,22,37.295937,126.974179,꾸이꾸이,0
남자,18,5,5,5,5,5,5,5,5,5,5,5,5,5,5,1315,1,22,37.295937,126.974179,꾸이꾸이,1
남자,27,3,5,4,4,4,3,3,3,3,3,4,4,4,3,1315,1,22,37.295937,126.974179,꾸이꾸이,1
남자,24,3,4,4,3,3,4,2,4,4,3,3,3,3,3,1315,1,22,37.295937,126.974179,꾸이꾸이,1
여성,25,4,4,3,2,5,4,4,4,4,3,3,1,4,4,1315,1,22,37.295937,126.974179,꾸이꾸이,0
남자,24,3,5,4,4,4,4,4,4,4,4,5,3,4,4,1315,1,22,37.295937,126.974179,꾸이꾸이,1
남자,22,4,5,4,4,4,3,2,4,2,2,3,3,2,2,1315,1,22,37.295937,126.974179,꾸이꾸이,0
여성,19,4,4,5,3,4,4,3,5,5,4,3,2,2,4,1315,1,22,37.295937,126.974179,꾸이꾸이,1
여성,19,5,5,5,5,4,4,3,3,4,2,3,3,4,2,1315,1,22,37.295937,126.974179,꾸이꾸이,0
여성,25,3,3,4,4,3,3,3,3,3,3,3,3,4,4,1315,1,22,37.295937,126.974179,꾸이꾸이,0
남자,25,3,4,4,3,3,2,2,4,3,2,2,1,4,3,1315,1,22,37.295937,126.974179,꾸이꾸이,1
남자,24,3,5,5,3,4,1,1,5,2,3,3,1,5,4,1315,1,22,37.295937,126.974179,꾸이꾸이,1
여성,24,3,4,5,4,3,3,3,4,4,3,3,2,3,4,1315,1,22,37.295937,126.974179,꾸이꾸이,0
남자,24,5,5,5,5,5,5,4,4,5,4,5,5,5,5,1315,1,22,37.295937,126.974179,꾸이꾸이,1
남자,24,3,5,5,4,5,3,3,4,4,5,5,4,4,5,1315,1,22,37.295937,126.974179,꾸이꾸이,0
남자,23,3,5,4,3,3,3,3,4,1,3,3,1,2,2,1315,1,22,37.295937,126.974179,꾸이꾸이,0
남자,24,4,4,4,4,4,3,4,3,3,3,3,2,3,4,1315,1,22,37.295937,126.974179,꾸이꾸이,0
여성,19,3,5,3,3,3,2,4,3,3,3,3,3,3,3,1445,3,-3,37.291647,126.977187,더 진국,1
여성,19,4,4,5,4,4,4,3,4,4,3,5,4,5,3,1445,3,-3,37.291647,126.977187,더 진국,1
남자,18,3,4,4,3,3,4,3,3,3,2,3,3,3,3,1445,3,-3,37.291647,126.977187,더 진국,0
여성,22,4,3,4,4,3,5,5,5,5,3,3,5,2,4,1445,3,-3,37.291647,126.977187,더 진국,1
여성,22,3,5,5,4,3,4,2,3,1,2,4,3,4,3,1445,3,-3,37.291647,126.977187,더 진국,0
여성,18,5,5,5,5,5,5,5,5,5,4,5,3,4,4,1445,3,-3,37.291647,126.977187,더 진국,0
여성,19,3,5,5,3,4,4,4,5,4,4,4,3,2,2,1445,3,-3,37.291647,126.977187,더 진국,0
남자,22,3,4,4,4,3,2,2,3,2,2,3,2,3,3,1445,3,-3,37.291647,126.977187,더 진국,1
여성,19,4,5,3,4,4,3,3,4,3,3,3,3,5,2,1445,3,-3,37.291647,126.977187,더 진국,1
여성,23,5,5,4,5,4,3,3,4,3,4,5,2,5,4,1445,3,-3,37.291647,126.977187,더 진국,0
여성,22,4,5,4,4,2,3,3,5,4,2,3,4,4,3,1445,3,-3,37.291647,126.977187,더 진국,0
남자,18,5,5,5,5,5,5,5,5,5,5,5,5,5,5,1445,3,-3,37.291647,126.977187,더 진국,1
남자,27,3,5,4,4,4,3,3,3,3,3,4,4,4,3,1445,3,-3,37.291647,126.977187,더 진국,1
남자,24,3,4,4,3,3,4,2,4,4,3,3,3,3,3,1445,3,-3,37.291647,126.977187,더 진국,1
여성,25,4,4,3,2,5,4,4,4,4,3,3,1,4,4,1445,3,-3,37.291647,126.977187,더 진국,0
남자,24,3,5,4,4,4,4,4,4,4,4,5,3,4,4,1445,3,-3,37.291647,126.977187,더 진국,1
남자,22,4,5,4,4,4,3,2,4,2,2,3,3,2,2,1445,3,-3,37.291647,126.977187,더 진국,0
여성,19,4,4,5,3,4,4,3,5,5,4,3,2,2,4,1445,3,-3,37.291647,126.977187,더 진국,1
여성,19,5,5,5,5,4,4,3,3,4,2,3,3,4,2,1445,3,-3,37.291647,126.977187,더 진국,0
여성,25,3,3,4,4,3,3,3,3,3,3,3,3,4,4,1445,3,-3,37.291647,126.977187,더 진국,0
남자,25,3,4,4,3,3,2,2,4,3,2,2,1,4,3,1445,3,-3,37.291647,126.977187,더 진국,1
남자,24,3,5,5,3,4,1,1,5,2,3,3,1,5,4,1445,3,-3,37.291647,126.977187,더 진국,1
여성,24,3,4,5,4,3,3,3,4,4,3,3,2,3,4,1445,3,-3,37.291647,126.977187,더 진국,0
남자,24,5,5,5,5,5,5,4,4,5,4,5,5,5,5,1445,3,-3,37.291647,126.977187,더 진국,1
남자,24,3,5,5,4,5,3,3,4,4,5,5,4,4,5,1445,3,-3,37.291647,126.977187,더 진국,0
남자,23,3,5,4,3,3,3,3,4,1,3,3,1,2,2,1445,3,-3,37.291647,126.977187,더 진국,0
남자,24,4,4,4,4,4,3,4,3,3,3,3,2,3,4,1445,3,-3,37.291647,126.977187,더 진국,0
여성,19,3,5,3,3,3,2,4,3,3,3,3,3,3,3,1645,0,6,37.293048,126.978551,마루 회덮밥,1
여성,19,4,4,5,4,4,4,3,4,4,3,5,4,5,3,1645,0,6,37.293048,126.978551,마루 회덮밥,1
남자,18,3,4,4,3,3,4,3,3,3,2,3,3,3,3,1645,0,6,37.293048,126.978551,마루 회덮밥,0
여성,22,4,3,4,4,3,5,5,5,5,3,3,5,2,4,1645,0,6,37.293048,126.978551,마루 회덮밥,1
여성,22,3,5,5,4,3,4,2,3,1,2,4,3,4,3,1645,0,6,37.293048,126.978551,마루 회덮밥,0
여성,18,5,5,5,5,5,5,5,5,5,4,5,3,4,4,1645,0,6,37.293048,126.978551,마루 회덮밥,0
여성,19,3,5,5,3,4,4,4,5,4,4,4,3,2,2,1645,0,6,37.293048,126.978551,마루 회덮밥,0
남자,22,3,4,4,4,3,2,2,3,2,2,3,2,3,3,1645,0,6,37.293048,126.978551,마루 회덮밥,1
여성,19,4,5,3,4,4,3,3,4,3,3,3,3,5,2,1645,0,6,37.293048,126.978551,마루 회덮밥,1
여성,23,5,5,4,5,4,3,3,4,3,4,5,2,5,4,1645,0,6,37.293048,126.978551,마루 회덮밥,0
여성,22,4,5,4,4,2,3,3,5,4,2,3,4,4,3,1645,0,6,37.293048,126.978551,마루 회덮밥,0
남자,18,5,5,5,5,5,5,5,5,5,5,5,5,5,5,1645,0,6,37.293048,126.978551,마루 회덮밥,1
남자,27,3,5,4,4,4,3,3,3,3,3,4,4,4,3,1645,0,6,37.293048,126.978551,마루 회덮밥,1
남자,24,3,4,4,3,3,4,2,4,4,3,3,3,3,3,1645,0,6,37.293048,126.978551,마루 회덮밥,1
여성,25,4,4,3,2,5,4,4,4,4,3,3,1,4,4,1645,0,6,37.293048,126.978551,마루 회덮밥,0
남자,24,3,5,4,4,4,4,4,4,4,4,5,3,4,4,1645,0,6,37.293048,126.978551,마루 회덮밥,1
남자,22,4,5,4,4,4,3,2,4,2,2,3,3,2,2,1645,0,6,37.293048,126.978551,마루 회덮밥,0
여성,19,4,4,5,3,4,4,3,5,5,4,3,2,2,4,1645,0,6,37.293048,126.978551,마루 회덮밥,1
여성,19,5,5,5,5,4,4,3,3,4,2,3,3,4,2,1645,0,6,37.293048,126.978551,마루 회덮밥,0
여성,25,3,3,4,4,3,3,3,3,3,3,3,3,4,4,1645,0,6,37.293048,126.978551,마루 회덮밥,0
남자,25,3,4,4,3,3,2,2,4,3,2,2,1,4,3,1645,0,6,37.293048,126.978551,마루 회덮밥,1
남자,24,3,5,5,3,4,1,1,5,2,3,3,1,5,4,1645,0,6,37.293048,126.978551,마루 회덮밥,1
여성,24,3,4,5,4,3,3,3,4,4,3,3,2,3,4,1645,0,6,37.293048,126.978551,마루 회덮밥,0
남자,24,5,5,5,5,5,5,4,4,5,4,5,5,5,5,1645,0,6,37.293048,126.978551,마루 회덮밥,1
남자,24,3,5,5,4,5,3,3,4,4,5,5,4,4,5,1645,0,6,37.293048,126.978551,마루 회덮밥,0
남자,23,3,5,4,3,3,3,3,4,1,3,3,1,2,2,1645,0,6,37.293048,126.978551,마루 회덮밥,0
남자,24,4,4,4,4,4,3,4,3,3,3,3,2,3,4,1645,0,6,37.293048,126.978551,마루 회덮밥,0
여성,19,3,5,3,3,3,2,4,3,3,3,3,3,3,3,1745,1,18,37.293443,126.974685,더 진국,1
여성,19,4,4,5,4,4,4,3,4,4,3,5,4,5,3,1745,1,18,37.293443,126.974685,더 진국,1
남자,18,3,4,4,3,3,4,3,3,3,2,3,3,3,3,1745,1,18,37.293443,126.974685,더 진국,0
여성,22,4,3,4,4,3,5,5,5,5,3,3,5,2,4,1745,1,18,37.293443,126.974685,더 진국,1
여성,22,3,5,5,4,3,4,2,3,1,2,4,3,4,3,1745,1,18,37.293443,126.974685,더 진국,0
여성,18,5,5,5,5,5,5,5,5,5,4,5,3,4,4,1745,1,18,37.293443,126.974685,더 진국,0
여성,19,3,5,5,3,4,4,4,5,4,4,4,3,2,2,1745,1,18,37.293443,126.974685,더 진국,0
남자,22,3,4,4,4,3,2,2,3,2,2,3,2,3,3,1745,1,18,37.293443,126.974685,더 진국,1
여성,19,4,5,3,4,4,3,3,4,3,3,3,3,5,2,1745,1,18,37.293443,126.974685,더 진국,1
여성,23,5,5,4,5,4,3,3,4,3,4,5,2,5,4,1745,1,18,37.293443,126.974685,더 진국,0
여성,22,4,5,4,4,2,3,3,5,4,2,3,4,4,3,1745,1,18,37.293443,126.974685,더 진국,0
남자,18,5,5,5,5,5,5,5,5,5,5,5,5,5,5,1745,1,18,37.293443,126.974685,더 진국,1
남자,27,3,5,4,4,4,3,3,3,3,3,4,4,4,3,1745,1,18,37.293443,126.974685,더 진국,1
남자,24,3,4,4,3,3,4,2,4,4,3,3,3,3,3,1745,1,18,37.293443,126.974685,더 진국,1
여성,25,4,4,3,2,5,4,4,4,4,3,3,1,4,4,1745,1,18,37.293443,126.974685,더 진국,0
남자,24,3,5,4,4,4,4,4,4,4,4,5,3,4,4,1745,1,18,37.293443,126.974685,더 진국,1
남자,22,4,5,4,4,4,3,2,4,2,2,3,3,2,2,1745,1,18,37.293443,126.974685,더 진국,0
여성,19,4,4,5,3,4,4,3,5,5,4,3,2,2,4,1745,1,18,37.293443,126.974685,더 진국,1
여성,19,5,5,5,5,4,4,3,3,4,2,3,3,4,2,1745,1,18,37.293443,126.974685,더 진국,0
여성,25,3,3,4,4,3,3,3,3,3,3,3,3,4,4,1745,1,18,37.293443,126.974685,더 진국,0
남자,25,3,4,4,3,3,2,2,4,3,2,2,1,4,3,1745,1,18,37.293443,126.974685,더 진국,1
남자,24,3,5,5,3,4,1,1,5,2,3,3,1,5,4,1745,1,18,37.293443,126.974685,더 진국,1
여성,24,3,4,5,4,3,3,3,4,4,3,3,2,3,4,1745,1,18,37.293443,126.974685,더 진국,0
남자,24,5,5,5,5,5,5,4,4,5,4,5,5,5,5,1745,1,18,37.293443,126.974685,더 진국,1
남자,24,3,5,5,4,5,3,3,4,4,5,5,4,4,5,1745,1,18,37.293443,126.974685,더 진국,0
남자,23,3,5,4,3,3,3,3,4,1,3,3,1,2,2,1745,1,18,37.293443,126.974685,더 진국,0
남자,24,4,4,4,4,4,3,4,3,3,3,3,2,3,4,1745,1,18,37.293443,126.974685,더 진국,0
여성,19,3,5,3,3,3,2,4,3,3,3,3,3,3,3,2000,3,-1,37.292309,126.97342,우리집,1
여성,19,4,4,5,4,4,4,3,4,4,3,5,4,5,3,2000,3,-1,37.292309,126.97342,우리집,1
남자,18,3,4,4,3,3,4,3,3,3,2,3,3,3,3,2000,3,-1,37.292309,126.97342,우리집,0
여성,22,4,3,4,4,3,5,5,5,5,3,3,5,2,4,2000,3,-1,37.292309,126.97342,우리집,1
여성,22,3,5,5,4,3,4,2,3,1,2,4,3,4,3,2000,3,-1,37.292309,126.97342,우리집,0
여성,18,5,5,5,5,5,5,5,5,5,4,5,3,4,4,2000,3,-1,37.292309,126.97342,우리집,0
여성,19,3,5,5,3,4,4,4,5,4,4,4,3,2,2,2000,3,-1,37.292309,126.97342,우리집,0
남자,22,3,4,4,4,3,2,2,3,2,2,3,2,3,3,2000,3,-1,37.292309,126.97342,우리집,1
여성,19,4,5,3,4,4,3,3,4,3,3,3,3,5,2,2000,3,-1,37.292309,126.97342,우리집,1
여성,23,5,5,4,5,4,3,3,4,3,4,5,2,5,4,2000,3,-1,37.292309,126.97342,우리집,0
여성,22,4,5,4,4,2,3,3,5,4,2,3,4,4,3,2000,3,-1,37.292309,126.97342,우리집,0
남자,18,5,5,5,5,5,5,5,5,5,5,5,5,5,5,2000,3,-1,37.292309,126.97342,우리집,1
남자,27,3,5,4,4,4,3,3,3,3,3,4,4,4,3,2000,3,-1,37.292309,126.97342,우리집,1
남자,24,3,4,4,3,3,4,2,4,4,3,3,3,3,3,2000,3,-1,37.292309,126.97342,우리집,1
여성,25,4,4,3,2,5,4,4,4,4,3,3,1,4,4,2000,3,-1,37.292309,126.97342,우리집,0
남자,24,3,5,4,4,4,4,4,4,4,4,5,3,4,4,2000,3,-1,37.292309,126.97342,우리집,1
남자,22,4,5,4,4,4,3,2,4,2,2,3,3,2,2,2000,3,-1,37.292309,126.97342,우리집,0
여성,19,4,4,5,3,4,4,3,5,5,4,3,2,2,4,2000,3,-1,37.292309,126.97342,우리집,1
여성,19,5,5,5,5,4,4,3,3,4,2,3,3,4,2,2000,3,-1,37.292309,126.97342,우리집,0
여성,25,3,3,4,4,3,3,3,3,3,3,3,3,4,4,2000,3,-1,37.292309,126.97342,우리집,0
남자,25,3,4,4,3,3,2,2,4,3,2,2,1,4,3,2000,3,-1,37.292309,126.97342,우리집,1
남자,24,3,5,5,3,4,1,1,5,2,3,3,1,5,4,2000,3,-1,37.292309,126.97342,우리집,1
여성,24,3,4,5,4,3,3,3,4,4,3,3,2,3,4,2000,3,-1,37.292309,126.97342,우리집,0
남자,24,5,5,5,5,5,5,4,4,5,4,5,5,5,5,2000,3,-1,37.292309,126.97342,우리집,1
남자,24,3,5,5,4,5,3,3,4,4,5,5,4,4,5,2000,3,-1,37.292309,126.97342,우리집,0
남자,23,3,5,4,3,3,3,3,4,1,3,3,1,2,2,2000,3,-1,37.292309,126.97342,우리집,0
남자,24,4,4,4,4,4,3,4,3,3,3,3,2,3,4,2000,3,-1,37.292309,126.97342,우리집,0
남자,25,5,4,4,5,4,2,3,4,3,3,4,2,4,4,1145,0,15,37.297,126.968,키와마루,0
남자,25,5,4,4,5,4,2,3,4,3,3,4,2,4,4,1745,1,20,37.322,126.96,꾸이꾸이,0
남자,25,5,4,4,5,4,2,3,4,3,3,4,2,4,4,1615,0,3,37.319,126.971,더 진국,0
남자,25,5,4,4,5,4,2,3,4,3,3,4,2,4,4,1200,1,12,37.296,126.971,마루 회덮밥,1
남자,25,5,4,4,5,4,2,3,4,3,3,4,2,4,4,1900,3,-2,37.298,126.971,우리집,1
남자,24,5,3,4,5,4,2,4,5,3,3,3,3,4,5,1145,0,15,37.297,126.968,키와마루,1
남자,24,5,3,4,5,4,2,4,5,3,3,3,3,4,5,1745,1,20,37.322,126.96,꾸이꾸이,0
남자,24,5,3,4,5,4,2,4,5,3,3,3,3,4,5,1615,0,3,37.319,126.971,더 진국,0
남자,24,5,3,4,5,4,2,4,5,3,3,3,3,4,5,1200,1,12,37.296,126.971,마루 회덮밥,0
남자,24,5,3,4,5,4,2,4,5,3,3,3,3,4,5,1900,3,-2,37.298,126.971,우리집,1
여성,20,4,3,5,4,3,2,3,4,4,1,4,3,4,4,1145,0,15,37.297,126.968,키와마루,0
여성,20,4,3,5,4,3,2,3,4,4,1,4,3,4,4,1745,1,20,37.322,126.96,꾸이꾸이,0
여성,20,4,3,5,4,3,2,3,4,4,1,4,3,4,4,1615,0,3,37.319,126.971,더 진국,0
여성,20,4,3,5,4,3,2,3,4,4,1,4,3,4,4,1200,1,12,37.296,126.971,마루 회덮밥,0
여성,20,4,3,5,4,3,2,3,4,4,1,4,3,4,4,1900,3,-2,37.298,126.971,우리집,1
남자,21,4,4,5,5,5,5,5,5,5,5,5,5,4,3,1145,0,15,37.297,126.968,키와마루,1
남자,21,4,4,5,5,5,5,5,5,5,5,5,5,4,3,1745,1,20,37.322,126.96,꾸이꾸이,0
남자,21,4,4,5,5,5,5,5,5,5,5,5,5,4,3,1615,0,3,37.319,126.971,더 진국,1
남자,21,4,4,5,5,5,5,5,5,5,5,5,5,4,3,1200,1,12,37.296,126.971,마루 회덮밥,0
남자,21,4,4,5,5,5,5,5,5,5,5,5,5,4,3,1900,3,-2,37.298,126.971,우리집,1
여성,22,5,3,5,4,4,3,5,5,2,3,3,5,4,1,1145,0,15,37.297,126.968,키와마루,0
여성,22,5,3,5,4,4,3,5,5,2,3,3,5,4,1,1745,1,20,37.322,126.96,꾸이꾸이,1
여성,22,5,3,5,4,4,3,5,5,2,3,3,5,4,1,1615,0,3,37.319,126.971,더 진국,1
여성,22,5,3,5,4,4,3,5,5,2,3,3,5,4,1,1200,1,12,37.296,126.971,마루 회덮밥,0
여성,22,5,3,5,4,4,3,5,5,2,3,3,5,4,1,1900,3,-2,37.298,126.971,우리집,0
남자,22,5,5,5,5,5,5,5,5,5,5,5,5,2,4,1145,0,15,37.297,126.968,키와마루,1
남자,22,5,5,5,5,5,5,5,5,5,5,5,5,2,4,1745,1,20,37.322,126.96,꾸이꾸이,0
남자,22,5,5,5,5,5,5,5,5,5,5,5,5,2,4,1615,0,3,37.319,126.971,더 진국,0
남자,22,5,5,5,5,5,5,5,5,5,5,5,5,2,4,1200,1,12,37.296,126.971,마루 회덮밥,1
남자,22,5,5,5,5,5,5,5,5,5,5,5,5,2,4,1900,3,-2,37.298,126.971,우리집,1
남자,22,4,3,4,4,4,3,2,5,4,4,2,3,3,3,1145,0,15,37.297,126.968,키와마루,1
남자,22,4,3,4,4,4,3,2,5,4,4,2,3,3,3,1745,1,20,37.322,126.96,꾸이꾸이,0
남자,22,4,3,4,4,4,3,2,5,4,4,2,3,3,3,1615,0,3,37.319,126.971,더 진국,0
남자,22,4,3,4,4,4,3,2,5,4,4,2,3,3,3,1200,1,12,37.296,126.971,마루 회덮밥,1
남자,22,4,3,4,4,4,3,2,5,4,4,2,3,3,3,1900,3,-2,37.298,126.971,우리집,1
남자,22,5,5,5,4,5,5,5,5,5,5,5,5,5,5,1145,0,15,37.297,126.968,키와마루,1
남자,22,5,5,5,4,5,5,5,5,5,5,5,5,5,5,1745,1,20,37.322,126.96,꾸이꾸이,1
남자,22,5,5,5,4,5,5,5,5,5,5,5,5,5,5,1615,0,3,37.319,126.971,더 진국,1
남자,22,5,5,5,4,5,5,5,5,5,5,5,5,5,5,1200,1,12,37.296,126.971,마루 회덮밥,1
남자,22,5,5,5,4,5,5,5,5,5,5,5,5,5,5,1900,3,-2,37.298,126.971,우리집,1
남자,20,4,3,4,3,5,4,4,5,3,3,4,3,4,2,1145,0,15,37.297,126.968,키와마루,1
남자,20,4,3,4,3,5,4,4,5,3,3,4,3,4,2,1745,1,20,37.322,126.96,꾸이꾸이,0
남자,20,4,3,4,3,5,4,4,5,3,3,4,3,4,2,1615,0,3,37.319,126.971,더 진국,1
남자,20,4,3,4,3,5,4,4,5,3,3,4,3,4,2,1200,1,12,37.296,126.971,마루 회덮밥,1
남자,20,4,3,4,3,5,4,4,5,3,3,4,3,4,2,1900,3,-2,37.298,126.971,우리집,1
남자,28,5,5,5,5,5,5,3,5,4,2,5,5,5,1,1145,0,15,37.297,126.968,키와마루,1
남자,28,5,5,5,5,5,5,3,5,4,2,5,5,5,1,1745,1,20,37.322,126.96,꾸이꾸이,1
남자,28,5,5,5,5,5,5,3,5,4,2,5,5,5,1,1615,0,3,37.319,126.971,더 진국,1
남자,28,5,5,5,5,5,5,3,5,4,2,5,5,5,1,1200,1,12,37.296,126.971,마루 회덮밥,0
남자,28,5,5,5,5,5,5,3,5,4,2,5,5,5,1,1900,3,-2,37.298,126.971,우리집,1
남자,20,4,4,5,4,5,4,4,5,5,4,5,5,4,3,1145,0,15,37.297,126.968,키와마루,1
남자,20,4,4,5,4,5,4,4,5,5,4,5,5,4,3,1745,1,20,37.322,126.96,꾸이꾸이,1
남자,20,4,4,5,4,5,4,4,5,5,4,5,5,4,3,1615,0,3,37.319,126.971,더 진국,1
남자,20,4,4,5,4,5,4,4,5,5,4,5,5,4,3,1200,1,12,37.296,126.971,마루 회덮밥,0
남자,20,4,4,5,4,5,4,4,5,5,4,5,5,4,3,1900,3,-2,37.298,126.971,우리집,0
여성,21,5,5,5,5,4,4,4,5,5,5,5,5,1,5,1145,0,15,37.297,126.968,키와마루,1
여성,21,5,5,5,5,4,4,4,5,5,5,5,5,1,5,1745,1,20,37.322,126.96,꾸이꾸이,0
여성,21,5,5,5,5,4,4,4,5,5,5,5,5,1,5,1615,0,3,37.319,126.971,더 진국,1
여성,21,5,5,5,5,4,4,4,5,5,5,5,5,1,5,1200,1,12,37.296,126.971,마루 회덮밥,1
여성,21,5,5,5,5,4,4,4,5,5,5,5,5,1,5,1900,3,-2,37.298,126.971,우리집,1
남자,29,4,4,4,5,5,3,4,5,3,4,5,3,2,3,1145,0,15,37.297,126.968,키와마루,1
남자,29,4,4,4,5,5,3,4,5,3,4,5,3,2,3,1745,1,20,37.322,126.96,꾸이꾸이,0
남자,29,4,4,4,5,5,3,4,5,3,4,5,3,2,3,1615,0,3,37.319,126.971,더 진국,1
남자,29,4,4,4,5,5,3,4,5,3,4,5,3,2,3,1200,1,12,37.296,126.971,마루 회덮밥,0
남자,29,4,4,4,5,5,3,4,5,3,4,5,3,2,3,1900,3,-2,37.298,126.971,우리집,0
남자,25,4,4,4,4,4,4,4,5,3,3,4,3,4,3,1145,0,15,37.297,126.968,키와마루,1
남자,25,4,4,4,4,4,4,4,5,3,3,4,3,4,3,1745,1,20,37.322,126.96,꾸이꾸이,0
남자,25,4,4,4,4,4,4,4,5,3,3,4,3,4,3,1615,0,3,37.319,126.971,더 진국,1
남자,25,4,4,4,4,4,4,4,5,3,3,4,3,4,3,1200,1,12,37.296,126.971,마루 회덮밥,1
남자,25,4,4,4,4,4,4,4,5,3,3,4,3,4,3,1900,3,-2,37.298,126.971,우리집,1
남자,21,5,5,5,5,5,5,5,5,5,5,5,5,5,4,1145,0,15,37.297,126.968,키와마루,1
남자,21,5,5,5,5,5,5,5,5,5,5,5,5,5,4,1745,1,20,37.322,126.96,꾸이꾸이,0
남자,21,5,5,5,5,5,5,5,5,5,5,5,5,5,4,1615,0,3,37.319,126.971,더 진국,1
남자,21,5,5,5,5,5,5,5,5,5,5,5,5,5,4,1200,1,12,37.296,126.971,마루 회덮밥,0
남자,21,5,5,5,5,5,5,5,5,5,5,5,5,5,4,1900,3,-2,37.298,126.971,우리집,0
남자,21,5,3,5,5,5,5,5,5,5,2,4,5,4,4,1145,0,15,37.297,126.968,키와마루,1
남자,21,5,3,5,5,5,5,5,5,5,2,4,5,4,4,1745,1,20,37.322,126.96,꾸이꾸이,1
남자,21,5,3,5,5,5,5,5,5,5,2,4,5,4,4,1615,0,3,37.319,126.971,더 진국,0
남자,21,5,3,5,5,5,5,5,5,5,2,4,5,4,4,1200,1,12,37.296,126.971,마루 회덮밥,0
남자,21,5,3,5,5,5,5,5,5,5,2,4,5,4,4,1900,3,-2,37.298,126.971,우리집,0
남자,24,5,4,4,3,4,2,4,4,4,4,4,4,4,4,1145,0,15,37.297,126.968,키와마루,1
남자,24,5,4,4,3,4,2,4,4,4,4,4,4,4,4,1745,1,20,37.322,126.96,꾸이꾸이,0
남자,24,5,4,4,3,4,2,4,4,4,4,4,4,4,4,1615,0,3,37.319,126.971,더 진국,1
남자,24,5,4,4,3,4,2,4,4,4,4,4,4,4,4,1200,1,12,37.296,126.971,마루 회덮밥,0
남자,24,5,4,4,3,4,2,4,4,4,4,4,4,4,4,1900,3,-2,37.298,126.971,우리집,1
여성,21,3,3,5,5,5,5,5,5,5,2,5,5,5,1,1145,0,15,37.297,126.968,키와마루,1
여성,21,3,3,5,5,5,5,5,5,5,2,5,5,5,1,1745,1,20,37.322,126.96,꾸이꾸이,1
여성,21,3,3,5,5,5,5,5,5,5,2,5,5,5,1,1615,0,3,37.319,126.971,더 진국,1
여성,21,3,3,5,5,5,5,5,5,5,2,5,5,5,1,1200,1,12,37.296,126.971,마루 회덮밥,0
여성,21,3,3,5,5,5,5,5,5,5,2,5,5,5,1,1900,3,-2,37.298,126.971,우리집,0
남자,26,4,4,4,4,5,3,4,4,5,5,4,4,3,1,1145,0,15,37.297,126.968,키와마루,1
남자,26,4,4,4,4,5,3,4,4,5,5,4,4,3,1,1745,1,20,37.322,126.96,꾸이꾸이,0
남자,26,4,4,4,4,5,3,4,4,5,5,4,4,3,1,1615,0,3,37.319,126.971,더 진국,1
남자,26,4,4,4,4,5,3,4,4,5,5,4,4,3,1,1200,1,12,37.296,126.971,마루 회덮밥,0
남자,26,4,4,4,4,5,3,4,4,5,5,4,4,3,1,1900,3,-2,37.298,126.971,우리집,1
남자,23,4,5,5,4,5,4,2,5,4,3,5,5,3,2,1145,0,15,37.297,126.968,키와마루,1
남자,23,4,5,5,4,5,4,2,5,4,3,5,5,3,2,1745,1,20,37.322,126.96,꾸이꾸이,1
남자,23,4,5,5,4,5,4,2,5,4,3,5,5,3,2,1615,0,3,37.319,126.971,더 진국,1
남자,23,4,5,5,4,5,4,2,5,4,3,5,5,3,2,1200,1,12,37.296,126.971,마루 회덮밥,0
남자,23,4,5,5,4,5,4,2,5,4,3,5,5,3,2,1900,3,-2,37.298,126.971,우리집,0
남자,25,5,5,5,5,5,5,5,5,5,5,5,5,4,3,1145,0,15,37.297,126.968,키와마루,1
남자,25,5,5,5,5,5,5,5,5,5,5,5,5,4,3,1745,1,20,37.322,126.96,꾸이꾸이,0
남자,25,5,5,5,5,5,5,5,5,5,5,5,5,4,3,1615,0,3,37.319,126.971,더 진국,1
남자,25,5,5,5,5,5,5,5,5,5,5,5,5,4,3,1200,1,12,37.296,126.971,마루 회덮밥,0
남자,25,5,5,5,5,5,5,5,5,5,5,5,5,4,3,1900,3,-2,37.298,126.971,우리집,1
남자,22,4,4,5,5,4,4,4,5,5,4,5,5,4,4,1145,0,15,37.297,126.968,키와마루,0
남자,22,4,4,5,5,4,4,4,5,5,4,5,5,4,4,1745,1,20,37.322,126.96,꾸이꾸이,0
남자,22,4,4,5,5,4,4,4,5,5,4,5,5,4,4,1615,0,3,37.319,126.971,더 진국,1
남자,22,4,4,5,5,4,4,4,5,5,4,5,5,4,4,1200,1,12,37.296,126.971,마루 회덮밥,0
남자,22,4,4,5,5,4,4,4,5,5,4,5,5,4,4,1900,3,-2,37.298,126.971,우리집,1
남자,27,4,4,4,4,4,4,4,5,5,4,4,5,3,4,1145,0,15,37.297,126.968,키와마루,1
남자,27,4,4,4,4,4,4,4,5,5,4,4,5,3,4,1745,1,20,37.322,126.96,꾸이꾸이,0
남자,27,4,4,4,4,4,4,4,5,5,4,4,5,3,4,1615,0,3,37.319,126.971,더 진국,0
남자,27,4,4,4,4,4,4,4,5,5,4,4,5,3,4,1200,1,12,37.296,126.971,마루 회덮밥,0
남자,27,4,4,4,4,4,4,4,5,5,4,4,5,3,4,1900,3,-2,37.298,126.971,우리집,0
남자,19,4,5,4,5,5,5,5,5,3,5,5,5,2,4,1145,0,15,37.297,126.968,키와마루,1
남자,19,4,5,4,5,5,5,5,5,3,5,5,5,2,4,1745,1,20,37.322,126.96,꾸이꾸이,0
남자,19,4,5,4,5,5,5,5,5,3,5,5,5,2,4,1615,0,3,37.319,126.971,더 진국,1
남자,19,4,5,4,5,5,5,5,5,3,5,5,5,2,4,1200,1,12,37.296,126.971,마루 회덮밥,0
남자,19,4,5,4,5,5,5,5,5,3,5,5,5,2,4,1900,3,-2,37.298,126.971,우리집,1
남자,25,5,5,5,5,5,5,4,5,5,3,5,3,4,3,1145,0,15,37.297,126.968,키와마루,0
남자,25,5,5,5,5,5,5,4,5,5,3,5,3,4,3,1745,1,20,37.322,126.96,꾸이꾸이,1
남자,25,5,5,5,5,5,5,4,5,5,3,5,3,4,3,1615,0,3,37.319,126.971,더 진국,0
남자,25,5,5,5,5,5,5,4,5,5,3,5,3,4,3,1200,1,12,37.296,126.971,마루 회덮밥,0
남자,25,5,5,5,5,5,5,4,5,5,3,5,3,4,3,1900,3,-2,37.298,126.971,우리집,1
남자,26,5,4,4,5,3,2,3,3,3,2,4,2,5,5,1145,0,15,37.297,126.968,키와마루,1
남자,26,5,4,4,5,3,2,3,3,3,2,4,2,5,5,1745,1,20,37.322,126.96,꾸이꾸이,0
남자,26,5,4,4,5,3,2,3,3,3,2,4,2,5,5,1615,0,3,37.319,126.971,더 진국,0
남자,26,5,4,4,5,3,2,3,3,3,2,4,2,5,5,1200,1,12,37.296,126.971,마루 회덮밥,1
남자,26,5,4,4,5,3,2,3,3,3,2,4,2,5,5,1900,3,-2,37.298,126.971,우리집,0
남자,25,3,3,5,2,4,3,3,5,4,3,5,5,1,5,1145,0,15,37.297,126.968,키와마루,1
남자,25,3,3,5,2,4,3,3,5,4,3,5,5,1,5,1745,1,20,37.322,126.96,꾸이꾸이,0
남자,25,3,3,5,2,4,3,3,5,4,3,5,5,1,5,1615,0,3,37.319,126.971,더 진국,1
남자,25,3,3,5,2,4,3,3,5,4,3,5,5,1,5,1200,1,12,37.296,126.971,마루 회덮밥,1
남자,25,3,3,5,2,4,3,3,5,4,3,5,5,1,5,1900,3,-2,37.298,126.971,우리집,0
남자,20,5,5,5,5,5,5,5,5,5,5,5,5,4,3,1145,0,15,37.297,126.968,키와마루,1
남자,20,5,5,5,5,5,5,5,5,5,5,5,5,4,3,1745,1,20,37.322,126.96,꾸이꾸이,0
남자,20,5,5,5,5,5,5,5,5,5,5,5,5,4,3,1615,0,3,37.319,126.971,더 진국,1
남자,20,5,5,5,5,5,5,5,5,5,5,5,5,4,3,1200,1,12,37.296,126.971,마루 회덮밥,1
남자,20,5,5,5,5,5,5,5,5,5,5,5,5,4,3,1900,3,-2,37.298,126.971,우리집,0
남자,24,4,5,5,3,4,3,3,5,5,5,5,5,2,1,1145,0,15,37.297,126.968,키와마루,1
남자,24,4,5,5,3,4,3,3,5,5,5,5,5,2,1,1745,1,20,37.322,126.96,꾸이꾸이,1
남자,24,4,5,5,3,4,3,3,5,5,5,5,5,2,1,1615,0,3,37.319,126.971,더 진국,0
남자,24,4,5,5,3,4,3,3,5,5,5,5,5,2,1,1200,1,12,37.296,126.971,마루 회덮밥,0
남자,24,4,5,5,3,4,3,3,5,5,5,5,5,2,1,1900,3,-2,37.298,126.971,우리집,0
남자,35,5,3,3,4,4,4,4,4,4,3,3,4,4,4,1145,0,15,37.297,126.968,키와마루,1
남자,35,5,3,3,4,4,4,4,4,4,3,3,4,4,4,1745,1,20,37.322,126.96,꾸이꾸이,0
남자,35,5,3,3,4,4,4,4,4,4,3,3,4,4,4,1615,0,3,37.319,126.971,더 진국,1
남자,35,5,3,3,4,4,4,4,4,4,3,3,4,4,4,1200,1,12,37.296,126.971,마루 회덮밥,1
남자,35,5,3,3,4,4,4,4,4,4,3,3,4,4,4,1900,3,-2,37.298,126.971,우리집,1
남자,21,5,5,5,5,5,4,4,3,4,4,5,5,4,4,1145,0,15,37.297,126.968,키와마루,1
남자,21,5,5,5,5,5,4,4,3,4,4,5,5,4,4,1745,1,20,37.322,126.96,꾸이꾸이,1
남자,21,5,5,5,5,5,4,4,3,4,4,5,5,4,4,1615,0,3,37.319,126.971,더 진국,0
남자,21,5,5,5,5,5,4,4,3,4,4,5,5,4,4,1200,1,12,37.296,126.971,마루 회덮밥,0
남자,21,5,5,5,5,5,4,4,3,4,4,5,5,4,4,1900,3,-2,37.298,126.971,우리집,1
남성,23,4,2,4,4,4,2,3,4,4,2,3,4,3,4,1145,0,7,37.293891,126.976761,국수파동,1
남성,23,5,4,3,4,5,5,5,5,5,3,4,1,2,3,1145,0,7,37.293891,126.976761,국수파동,0
남성,24,4,3,4,4,4,3,4,5,4,1,3,1,4,4,1145,0,7,37.293891,126.976761,국수파동,0
남성,23,5,4,5,3,3,2,3,5,4,2,4,5,4,3,1145,0,7,37.293891,126.976761,국수파동,1
여성,24,4,2,5,5,4,4,2,1,3,5,4,4,2,2,1145,0,7,37.293891,126.976761,국수파동,1
남성,25,5,4,4,5,4,1,2,5,3,4,5,5,5,4,1145,0,7,37.293891,126.976761,국수파동,1
여성,24,4,3,4,4,4,3,4,5,3,4,4,4,4,4,1145,0,7,37.293891,126.976761,국수파동,1
남성,24,3,4,3,4,4,3,4,5,4,2,4,5,3,3,1145,0,7,37.293891,126.976761,국수파동,0
남성,20,5,3,5,5,4,3,3,4,2,2,3,3,3,4,1145,0,7,37.293891,126.976761,국수파동,1
남성,23,5,4,4,5,5,4,3,4,4,2,4,5,4,4,1145,0,7,37.293891,126.976761,국수파동,0
남성,23,4,4,4,3,4,3,3,5,5,3,5,4,4,2,1145,0,7,37.293891,126.976761,국수파동,1
여성,23,5,4,4,4,4,4,3,5,5,2,5,5,2,2,1145,0,7,37.293891,126.976761,국수파동,1
남성,25,5,5,5,5,5,3,3,4,4,4,5,5,5,3,1145,0,7,37.293891,126.976761,국수파동,0
남성,24,4,4,4,4,4,4,3,5,5,2,5,1,2,4,1145,0,7,37.293891,126.976761,국수파동,0
남성,25,5,4,5,5,4,2,3,4,3,3,4,2,4,4,1145,0,7,37.293891,126.976761,국수파동,0
여성,23,4,5,4,5,3,4,5,5,5,5,5,5,3,4,1145,0,7,37.293891,126.976761,국수파동,1
남성,23,4,2,4,4,3,4,3,2,2,4,3,3,1,2,1145,0,7,37.293891,126.976761,국수파동,0
남성,23,4,2,4,4,4,2,3,4,4,2,3,4,3,4,1745,1,13,37.291652,126.977306,더진국,0
남성,23,5,4,3,4,5,5,5,5,5,3,4,1,2,3,1745,1,13,37.291652,126.977306,더진국,1
남성,24,4,3,4,4,4,3,4,5,4,1,3,1,4,4,1745,1,13,37.291652,126.977306,더진국,1
남성,23,5,4,5,3,3,2,3,5,4,2,4,5,4,3,1745,1,13,37.291652,126.977306,더진국,0
여성,24,4,2,5,5,4,4,2,1,3,5,4,4,2,2,1745,1,13,37.291652,126.977306,더진국,1
남성,25,5,4,4,5,4,1,2,5,3,4,5,5,5,4,1745,1,13,37.291652,126.977306,더진국,0
여성,24,4,3,4,4,4,3,4,5,3,4,4,4,4,4,1745,1,13,37.291652,126.977306,더진국,0
남성,24,3,4,3,4,4,3,4,5,4,2,4,5,3,3,1745,1,13,37.291652,126.977306,더진국,0
남성,20,5,3,5,5,4,3,3,4,2,2,3,3,3,4,1745,1,13,37.291652,126.977306,더진국,1
남성,23,5,4,4,5,5,4,3,4,4,2,4,5,4,4,1745,1,13,37.291652,126.977306,더진국,0
남성,23,4,4,4,3,4,3,3,5,5,3,5,4,4,2,1745,1,13,37.291652,126.977306,더진국,0
여성,23,5,4,4,4,4,4,3,5,5,2,5,5,2,2,1745,1,13,37.291652,126.977306,더진국,0
남성,25,5,5,5,5,5,3,3,4,4,4,5,5,5,3,1745,1,13,37.291652,126.977306,더진국,0
남성,24,4,4,4,4,4,4,3,5,5,2,5,1,2,4,1745,1,13,37.291652,126.977306,더진국,0
남성,25,5,4,5,5,4,2,3,4,3,3,4,2,4,4,1745,1,13,37.291652,126.977306,더진국,0
여성,23,4,5,4,5,3,4,5,5,5,5,5,5,3,4,1745,1,13,37.291652,126.977306,더진국,0
남성,23,4,2,4,4,3,4,3,2,2,4,3,3,1,2,1745,1,13,37.291652,126.977306,더진국,0
남성,23,4,2,4,4,4,2,3,4,4,2,3,4,3,4,1315,0,18,37.296419,126.972624,포크포크매콤돈가스,0
남성,23,5,4,3,4,5,5,5,5,5,3,4,1,2,3,1315,0,18,37.296419,126.972624,포크포크매콤돈가스,1
남성,24,4,3,4,4,4,3,4,5,4,1,3,1,4,4,1315,0,18,37.296419,126.972624,포크포크매콤돈가스,1
남성,23,5,4,5,3,3,2,3,5,4,2,4,5,4,3,1315,0,18,37.296419,126.972624,포크포크매콤돈가스,1
여성,24,4,2,5,5,4,4,2,1,3,5,4,4,2,2,1315,0,18,37.296419,126.972624,포크포크매콤돈가스,0
남성,25,5,4,4,5,4,1,2,5,3,4,5,5,5,4,1315,0,18,37.296419,126.972624,포크포크매콤돈가스,0
여성,24,4,3,4,4,4,3,4,5,3,4,4,4,4,4,1315,0,18,37.296419,126.972624,포크포크매콤돈가스,0
남성,24,3,4,3,4,4,3,4,5,4,2,4,5,3,3,1315,0,18,37.296419,126.972624,포크포크매콤돈가스,1
남성,20,5,3,5,5,4,3,3,4,2,2,3,3,3,4,1315,0,18,37.296419,126.972624,포크포크매콤돈가스,1
남성,23,5,4,4,5,5,4,3,4,4,2,4,5,4,4,1315,0,18,37.296419,126.972624,포크포크매콤돈가스,1
남성,23,4,4,4,3,4,3,3,5,5,3,5,4,4,2,1315,0,18,37.296419,126.972624,포크포크매콤돈가스,1
여성,23,5,4,4,4,4,4,3,5,5,2,5,5,2,2,1315,0,18,37.296419,126.972624,포크포크매콤돈가스,1
남성,25,5,5,5,5,5,3,3,4,4,4,5,5,5,3,1315,0,18,37.296419,126.972624,포크포크매콤돈가스,1
남성,24,4,4,4,4,4,4,3,5,5,2,5,1,2,4,1315,0,18,37.296419,126.972624,포크포크매콤돈가스,1
남성,25,5,4,5,5,4,2,3,4,3,3,4,2,4,4,1315,0,18,37.296419,126.972624,포크포크매콤돈가스,1
여성,23,4,5,4,5,3,4,5,5,5,5,5,5,3,4,1315,0,18,37.296419,126.972624,포크포크매콤돈가스,0
남성,23,4,2,4,4,3,4,3,2,2,4,3,3,1,2,1315,0,18,37.296419,126.972624,포크포크매콤돈가스,0
남성,23,4,2,4,4,4,2,3,4,4,2,3,4,3,4,2000,0,15,37.295191,126.976814,땅땅치킨,1
남성,23,5,4,3,4,5,5,5,5,5,3,4,1,2,3,2000,0,15,37.295191,126.976814,땅땅치킨,1
남성,24,4,3,4,4,4,3,4,5,4,1,3,1,4,4,2000,0,15,37.295191,126.976814,땅땅치킨,1
남성,23,5,4,5,3,3,2,3,5,4,2,4,5,4,3,2000,0,15,37.295191,126.976814,땅땅치킨,1
여성,24,4,2,5,5,4,4,2,1,3,5,4,4,2,2,2000,0,15,37.295191,126.976814,땅땅치킨,0
남성,25,5,4,4,5,4,1,2,5,3,4,5,5,5,4,2000,0,15,37.295191,126.976814,땅땅치킨,1
여성,24,4,3,4,4,4,3,4,5,3,4,4,4,4,4,2000,0,15,37.295191,126.976814,땅땅치킨,1
남성,24,3,4,3,4,4,3,4,5,4,2,4,5,3,3,2000,0,15,37.295191,126.976814,땅땅치킨,0
남성,20,5,3,5,5,4,3,3,4,2,2,3,3,3,4,2000,0,15,37.295191,126.976814,땅땅치킨,1
남성,23,5,4,4,5,5,4,3,4,4,2,4,5,4,4,2000,0,15,37.295191,126.976814,땅땅치킨,1
남성,23,4,4,4,3,4,3,3,5,5,3,5,4,4,2,2000,0,15,37.295191,126.976814,땅땅치킨,1
여성,23,5,4,4,4,4,4,3,5,5,2,5,5,2,2,2000,0,15,37.295191,126.976814,땅땅치킨,0
남성,25,5,5,5,5,5,3,3,4,4,4,5,5,5,3,2000,0,15,37.295191,126.976814,땅땅치킨,1
남성,24,4,4,4,4,4,4,3,5,5,2,5,1,2,4,2000,0,15,37.295191,126.976814,땅땅치킨,1
남성,25,5,4,5,5,4,2,3,4,3,3,4,2,4,4,2000,0,15,37.295191,126.976814,땅땅치킨,1
여성,23,4,5,4,5,3,4,5,5,5,5,5,5,3,4,2000,0,15,37.295191,126.976814,땅땅치킨,0
남성,23,4,2,4,4,3,4,3,2,2,4,3,3,1,2,2000,0,15,37.295191,126.976814,땅땅치킨,0
남성,23,4,2,4,4,4,2,3,4,4,2,3,4,3,4,1200,0,10,37.295413,126.974261,신전떡볶이,1
남성,23,5,4,3,4,5,5,5,5,5,3,4,1,2,3,1200,0,10,37.295413,126.974261,신전떡볶이,1
남성,24,4,3,4,4,4,3,4,5,4,1,3,1,4,4,1200,0,10,37.295413,126.974261,신전떡볶이,1
남성,23,5,4,5,3,3,2,3,5,4,2,4,5,4,3,1200,0,10,37.295413,126.974261,신전떡볶이,1
여성,24,4,2,5,5,4,4,2,1,3,5,4,4,2,2,1200,0,10,37.295413,126.974261,신전떡볶이,1
남성,25,5,4,4,5,4,1,2,5,3,4,5,5,5,4,1200,0,10,37.295413,126.974261,신전떡볶이,0
여성,24,4,3,4,4,4,3,4,5,3,4,4,4,4,4,1200,0,10,37.295413,126.974261,신전떡볶이,1
남성,24,3,4,3,4,4,3,4,5,4,2,4,5,3,3,1200,0,10,37.295413,126.974261,신전떡볶이,0
남성,20,5,3,5,5,4,3,3,4,2,2,3,3,3,4,1200,0,10,37.295413,126.974261,신전떡볶이,1
남성,23,5,4,4,5,5,4,3,4,4,2,4,5,4,4,1200,0,10,37.295413,126.974261,신전떡볶이,1
남성,23,4,4,4,3,4,3,3,5,5,3,5,4,4,2,1200,0,10,37.295413,126.974261,신전떡볶이,0
여성,23,5,4,4,4,4,4,3,5,5,2,5,5,2,2,1200,0,10,37.295413,126.974261,신전떡볶이,1
남성,25,5,5,5,5,5,3,3,4,4,4,5,5,5,3,1200,0,10,37.295413,126.974261,신전떡볶이,1
남성,24,4,4,4,4,4,4,3,5,5,2,5,1,2,4,1200,0,10,37.295413,126.974261,신전떡볶이,0
남성,25,5,4,5,5,4,2,3,4,3,3,4,2,4,4,1200,0,10,37.295413,126.974261,신전떡볶이,0
여성,23,4,5,4,5,3,4,5,5,5,5,5,5,3,4,1200,0,10,37.295413,126.974261,신전떡볶이,1
남성,23,4,2,4,4,3,4,3,2,2,4,3,3,1,2,1200,0,10,37.295413,126.974261,신전떡볶이,0
남성,23,4,2,4,4,4,2,3,4,4,2,3,4,3,4,1900,2,15,37.297052,126.975967,양평해장국,0
남성,23,5,4,3,4,5,5,5,5,5,3,4,1,2,3,1900,2,15,37.297052,126.975967,양평해장국,0
남성,24,4,3,4,4,4,3,4,5,4,1,3,1,4,4,1900,2,15,37.297052,126.975967,양평해장국,1
남성,23,5,4,5,3,3,2,3,5,4,2,4,5,4,3,1900,2,15,37.297052,126.975967,양평해장국,0
여성,24,4,2,5,5,4,4,2,1,3,5,4,4,2,2,1900,2,15,37.297052,126.975967,양평해장국,0
남성,25,5,4,4,5,4,1,2,5,3,4,5,5,5,4,1900,2,15,37.297052,126.975967,양평해장국,1
여성,24,4,3,4,4,4,3,4,5,3,4,4,4,4,4,1900,2,15,37.297052,126.975967,양평해장국,0
남성,24,3,4,3,4,4,3,4,5,4,2,4,5,3,3,1900,2,15,37.297052,126.975967,양평해장국,0
남성,20,5,3,5,5,4,3,3,4,2,2,3,3,3,4,1900,2,15,37.297052,126.975967,양평해장국,1
남성,23,5,4,4,5,5,4,3,4,4,2,4,5,4,4,1900,2,15,37.297052,126.975967,양평해장국,0
남성,23,4,4,4,3,4,3,3,5,5,3,5,4,4,2,1900,2,15,37.297052,126.975967,양평해장국,0
여성,23,5,4,4,4,4,4,3,5,5,2,5,5,2,2,1900,2,15,37.297052,126.975967,양평해장국,0
남성,25,5,5,5,5,5,3,3,4,4,4,5,5,5,3,1900,2,15,37.297052,126.975967,양평해장국,1
남성,24,4,4,4,4,4,4,3,5,5,2,5,1,2,4,1900,2,15,37.297052,126.975967,양평해장국,1
남성,25,5,4,5,5,4,2,3,4,3,3,4,2,4,4,1900,2,15,37.297052,126.975967,양평해장국,0
여성,23,4,5,4,5,3,4,5,5,5,5,5,5,3,4,1900,2,15,37.297052,126.975967,양평해장국,0
남성,23,4,2,4,4,3,4,3,2,2,4,3,3,1,2,1900,2,15,37.297052,126.975967,양평해장국,1
여성,21,4,4,5,3,5,4,3,5,5,4,5,2,2,4,1745,0,13,37.297751,126.973356,봉구스 밥버거,0
남성,24,4,4,5,4,4,4,4,5,3,4,4,4,3,2,1745,0,13,37.297751,126.973356,봉구스 밥버거,0
남성,22,4,3,3,4,4,3,3,5,3,2,3,3,4,4,1745,0,13,37.297751,126.973356,봉구스 밥버거,0
남성,25,5,4,4,5,4,2,3,4,3,3,4,2,3,4,1745,0,13,37.297751,126.973356,봉구스 밥버거,0
남성,24,4,4,5,4,3,4,4,4,4,3,4,5,3,4,1745,0,13,37.297751,126.973356,봉구스 밥버거,0
남성,20,5,5,5,5,5,5,5,5,5,5,4,3,3,4,1745,0,13,37.297751,126.973356,봉구스 밥버거,0
남성,22,4,3,2,5,5,5,4,5,5,5,5,2,4,1,1745,0,13,37.297751,126.973356,봉구스 밥버거,1
여성,22,5,4,5,5,4,4,4,4,4,5,5,2,4,4,1745,0,13,37.297751,126.973356,봉구스 밥버거,1
여성,24,3,3,3,4,4,3,3,3,3,4,5,5,4,4,1745,0,13,37.297751,126.973356,봉구스 밥버거,1
여성,22,3,4,5,4,4,2,4,4,4,4,5,5,4,4,1745,0,13,37.297751,126.973356,봉구스 밥버거,0
남성,27,4,4,4,4,4,4,3,5,3,4,4,4,4,4,1745,0,13,37.297751,126.973356,봉구스 밥버거,0
여성,21,5,4,3,4,3,4,5,3,3,4,4,5,2,3,1745,0,13,37.297751,126.973356,봉구스 밥버거,0
남성,23,5,4,5,4,5,4,5,5,5,4,5,5,4,4,1745,0,13,37.297751,126.973356,봉구스 밥버거,0
남성,28,5,4,4,5,3,4,4,4,4,5,3,5,4,4,1745,0,13,37.297751,126.973356,봉구스 밥버거,1
여성,22,5,5,5,4,5,3,3,5,3,5,5,1,4,5,1745,0,13,37.297751,126.973356,봉구스 밥버거,0
여성,21,4,5,4,3,4,3,4,5,5,5,3,4,4,3,1745,0,13,37.297751,126.973356,봉구스 밥버거,0
여성,19,5,5,5,5,4,3,4,4,3,3,4,4,4,4,1745,0,13,37.297751,126.973356,봉구스 밥버거,0
여성,21,4,4,5,3,5,4,3,5,5,4,5,2,2,4,1145,0,20,37.299062,126.971125,놀부부대찌개,1
남성,24,4,4,5,4,4,4,4,5,3,4,4,4,3,2,1145,0,20,37.299062,126.971125,놀부부대찌개,1
남성,22,4,3,3,4,4,3,3,5,3,2,3,3,4,4,1145,0,20,37.299062,126.971125,놀부부대찌개,0
남성,25,5,4,4,5,4,2,3,4,3,3,4,2,3,4,1145,0,20,37.299062,126.971125,놀부부대찌개,0
남성,24,4,4,5,4,3,4,4,4,4,3,4,5,3,4,1145,0,20,37.299062,126.971125,놀부부대찌개,0
남성,20,5,5,5,5,5,5,5,5,5,5,4,3,3,4,1145,0,20,37.299062,126.971125,놀부부대찌개,1
남성,22,4,3,2,5,5,5,4,5,5,5,5,2,4,1,1145,0,20,37.299062,126.971125,놀부부대찌개,0
여성,22,5,4,5,5,4,4,4,4,4,5,5,2,4,4,1145,0,20,37.299062,126.971125,놀부부대찌개,1
여성,24,3,3,3,4,4,3,3,3,3,4,5,5,4,4,1145,0,20,37.299062,126.971125,놀부부대찌개,1
여성,22,3,4,5,4,4,2,4,4,4,4,5,5,4,4,1145,0,20,37.299062,126.971125,놀부부대찌개,0
남성,27,4,4,4,4,4,4,3,5,3,4,4,4,4,4,1145,0,20,37.299062,126.971125,놀부부대찌개,1
여성,21,5,4,3,4,3,4,5,3,3,4,4,5,2,3,1145,0,20,37.299062,126.971125,놀부부대찌개,1
남성,23,5,4,5,4,5,4,5,5,5,4,5,5,4,4,1145,0,20,37.299062,126.971125,놀부부대찌개,1
남성,28,5,4,4,5,3,4,4,4,4,5,3,5,4,4,1145,0,20,37.299062,126.971125,놀부부대찌개,1
여성,22,5,5,5,4,5,3,3,5,3,5,5,1,4,5,1145,0,20,37.299062,126.971125,놀부부대찌개,0
여성,21,4,5,4,3,4,3,4,5,5,5,3,4,4,3,1145,0,20,37.299062,126.971125,놀부부대찌개,0
여성,19,5,5,5,5,4,3,4,4,3,3,4,4,4,4,1145,0,20,37.299062,126.971125,놀부부대찌개,1
여성,21,4,4,5,3,5,4,3,5,5,4,5,2,2,4,1445,2,25,37.298179,126.971809,모모스테이크,1
남성,24,4,4,5,4,4,4,4,5,3,4,4,4,3,2,1445,2,25,37.298179,126.971809,모모스테이크,1
남성,22,4,3,3,4,4,3,3,5,3,2,3,3,4,4,1445,2,25,37.298179,126.971809,모모스테이크,1
남성,25,5,4,4,5,4,2,3,4,3,3,4,2,3,4,1445,2,25,37.298179,126.971809,모모스테이크,1
남성,24,4,4,5,4,3,4,4,4,4,3,4,5,3,4,1445,2,25,37.298179,126.971809,모모스테이크,1
남성,20,5,5,5,5,5,5,5,5,5,5,4,3,3,4,1445,2,25,37.298179,126.971809,모모스테이크,1
남성,22,4,3,2,5,5,5,4,5,5,5,5,2,4,1,1445,2,25,37.298179,126.971809,모모스테이크,1
여성,22,5,4,5,5,4,4,4,4,4,5,5,2,4,4,1445,2,25,37.298179,126.971809,모모스테이크,0
여성,24,3,3,3,4,4,3,3,3,3,4,5,5,4,4,1445,2,25,37.298179,126.971809,모모스테이크,0
여성,22,3,4,5,4,4,2,4,4,4,4,5,5,4,4,1445,2,25,37.298179,126.971809,모모스테이크,1
남성,27,4,4,4,4,4,4,3,5,3,4,4,4,4,4,1445,2,25,37.298179,126.971809,모모스테이크,0
여성,21,5,4,3,4,3,4,5,3,3,4,4,5,2,3,1445,2,25,37.298179,126.971809,모모스테이크,1
남성,23,5,4,5,4,5,4,5,5,5,4,5,5,4,4,1445,2,25,37.298179,126.971809,모모스테이크,1
남성,28,5,4,4,5,3,4,4,4,4,5,3,5,4,4,1445,2,25,37.298179,126.971809,모모스테이크,1
여성,22,5,5,5,4,5,3,3,5,3,5,5,1,4,5,1445,2,25,37.298179,126.971809,모모스테이크,0
여성,21,4,5,4,3,4,3,4,5,5,5,3,4,4,3,1445,2,25,37.298179,126.971809,모모스테이크,0
여성,19,5,5,5,5,4,3,4,4,3,3,4,4,4,4,1445,2,25,37.298179,126.971809,모모스테이크,0
여성,21,4,4,5,3,5,4,3,5,5,4,5,2,2,4,1315,3,1,37.297667,126.9704,찌개지존,1
남성,24,4,4,5,4,4,4,4,5,3,4,4,4,3,2,1315,3,1,37.297667,126.9704,찌개지존,1
남성,22,4,3,3,4,4,3,3,5,3,2,3,3,4,4,1315,3,1,37.297667,126.9704,찌개지존,1
남성,25,5,4,4,5,4,2,3,4,3,3,4,2,3,4,1315,3,1,37.297667,126.9704,찌개지존,1
남성,24,4,4,5,4,3,4,4,4,4,3,4,5,3,4,1315,3,1,37.297667,126.9704,찌개지존,1
남성,20,5,5,5,5,5,5,5,5,5,5,4,3,3,4,1315,3,1,37.297667,126.9704,찌개지존,0
남성,22,4,3,2,5,5,5,4,5,5,5,5,2,4,1,1315,3,1,37.297667,126.9704,찌개지존,1
여성,22,5,4,5,5,4,4,4,4,4,5,5,2,4,4,1315,3,1,37.297667,126.9704,찌개지존,1
여성,24,3,3,3,4,4,3,3,3,3,4,5,5,4,4,1315,3,1,37.297667,126.9704,찌개지존,1
여성,22,3,4,5,4,4,2,4,4,4,4,5,5,4,4,1315,3,1,37.297667,126.9704,찌개지존,1
남성,27,4,4,4,4,4,4,3,5,3,4,4,4,4,4,1315,3,1,37.297667,126.9704,찌개지존,1
여성,21,5,4,3,4,3,4,5,3,3,4,4,5,2,3,1315,3,1,37.297667,126.9704,찌개지존,1
남성,23,5,4,5,4,5,4,5,5,5,4,5,5,4,4,1315,3,1,37.297667,126.9704,찌개지존,1
남성,28,5,4,4,5,3,4,4,4,4,5,3,5,4,4,1315,3,1,37.297667,126.9704,찌개지존,1
여성,22,5,5,5,4,5,3,3,5,3,5,5,1,4,5,1315,3,1,37.297667,126.9704,찌개지존,1
여성,21,4,5,4,3,4,3,4,5,5,5,3,4,4,3,1315,3,1,37.297667,126.9704,찌개지존,0
여성,19,5,5,5,5,4,3,4,4,3,3,4,4,4,4,1315,3,1,37.297667,126.9704,찌개지존,1
여성,21,4,4,5,3,5,4,3,5,5,4,5,2,2,4,2000,0,13,37.298934,126.971257,성대수산,0
남성,24,4,4,5,4,4,4,4,5,3,4,4,4,3,2,2000,0,13,37.298934,126.971257,성대수산,1
남성,22,4,3,3,4,4,3,3,5,3,2,3,3,4,4,2000,0,13,37.298934,126.971257,성대수산,0
남성,25,5,4,4,5,4,2,3,4,3,3,4,2,3,4,2000,0,13,37.298934,126.971257,성대수산,0
남성,24,4,4,5,4,3,4,4,4,4,3,4,5,3,4,2000,0,13,37.298934,126.971257,성대수산,0
남성,20,5,5,5,5,5,5,5,5,5,5,4,3,3,4,2000,0,13,37.298934,126.971257,성대수산,0
남성,22,4,3,2,5,5,5,4,5,5,5,5,2,4,1,2000,0,13,37.298934,126.971257,성대수산,1
여성,22,5,4,5,5,4,4,4,4,4,5,5,2,4,4,2000,0,13,37.298934,126.971257,성대수산,0
여성,24,3,3,3,4,4,3,3,3,3,4,5,5,4,4,2000,0,13,37.298934,126.971257,성대수산,0
여성,22,3,4,5,4,4,2,4,4,4,4,5,5,4,4,2000,0,13,37.298934,126.971257,성대수산,1
남성,27,4,4,4,4,4,4,3,5,3,4,4,4,4,4,2000,0,13,37.298934,126.971257,성대수산,0
여성,21,5,4,3,4,3,4,5,3,3,4,4,5,2,3,2000,0,13,37.298934,126.971257,성대수산,0
남성,23,5,4,5,4,5,4,5,5,5,4,5,5,4,4,2000,0,13,37.298934,126.971257,성대수산,1
남성,28,5,4,4,5,3,4,4,4,4,5,3,5,4,4,2000,0,13,37.298934,126.971257,성대수산,0
여성,22,5,5,5,4,5,3,3,5,3,5,5,1,4,5,2000,0,13,37.298934,126.971257,성대수산,0
여성,21,4,5,4,3,4,3,4,5,5,5,3,4,4,3,2000,0,13,37.298934,126.971257,성대수산,0
여성,19,5,5,5,5,4,3,4,4,3,3,4,4,4,4,2000,0,13,37.298934,126.971257,성대수산,1
